ID,Genre,Senior,Enfants,Anciennete,Multi-lignes,Service Internet,Autres Services,Partenaire,Contrat,Facturation Ã©lectronique,Mode de paiement,Charges mensuelles,Charges totales,Desabonnement
1,0,0,0,-1.2622727820223836,0,0,0,1,2,1,1,-1.2601102120232488,-1.008238163646979,0.0
2,1,0,0,0.08501505974912064,0,0,1,0,0,0,2,-0.34458777915917227,-0.18930880155422958,0.0
3,1,0,0,-1.2214458777262773,0,0,1,0,2,1,2,-0.4493154375310778,-0.97375739089304,0.0
4,1,0,0,0.5341110070062888,0,0,0,0,0,0,3,-0.8395104227554352,-0.21077671562516848,0.0
5,0,0,0,-1.2214458777262773,0,1,1,0,2,1,1,0.11993006039363402,-0.9546014060297408,0.0
6,0,0,0,-0.9764844519496403,1,1,1,0,2,1,1,1.0979512571248153,-0.660061624976459,0.0
7,1,0,1,-0.4049077918041536,1,1,1,0,2,1,0,0.7415393875042982,-0.1629307902137323,0.0
10,1,0,1,1.228168380040094,0,0,1,0,0,0,3,-0.3716142716422448,0.5145965778650994,0.0
11,1,0,1,-0.7723499304691093,0,0,1,1,2,1,2,-0.5810695883860555,-0.76268926342225,0.0
12,1,0,0,-0.6498692175807907,0,2,1,0,1,0,0,-1.6283461721051098,-0.8774710439882034,0.0
13,1,0,0,1.0648607628556692,1,1,1,1,0,0,0,1.1215994380475034,1.480388490576477,0.0
14,1,0,0,0.6974186241907134,1,1,1,0,2,1,3,1.234772875320369,1.1964395471315252,0.0
15,1,0,0,-0.282427078915835,0,1,1,0,2,1,1,1.295582483407282,0.16146590517820913,0.0
16,0,0,1,1.513956710112837,1,1,1,1,1,0,0,1.5574016293370454,2.4553840833716003,0.0
17,0,0,0,0.8198993370790321,0,2,1,0,0,0,2,-1.5709148755785811,-0.5709092310551959,0.0
18,1,0,1,1.5956105187050496,1,1,1,0,1,0,3,1.3361222221318905,2.229519608971917,0.0
19,0,0,1,-0.8948306433574279,0,0,1,1,2,0,0,-0.4037082314658931,-0.7887149807882499,0.0
20,0,0,0,-0.4457346961002598,0,1,1,0,2,1,1,0.7736333473279468,-0.20102257620627004,0.0
21,1,1,0,-1.2622727820223836,0,0,0,0,2,1,1,-0.9290356791056124,-1.003922562459385,0.0
22,1,0,0,-0.8131768347652155,0,2,1,1,0,0,3,-1.5996305238418456,-0.9323188121427765,0.0
23,1,0,0,-1.2622727820223836,0,2,1,0,2,0,2,-1.5878064333805013,-1.0125097280877606,0.0
24,0,0,0,1.0648607628556692,1,0,1,1,1,1,0,-0.2449275881278431,0.5221488799433887,0.0
26,0,0,0,-0.0782925574353041,0,0,1,0,2,1,3,-0.40032991990550926,-0.3473566858631521,0.0
28,1,0,1,-1.2622727820223836,0,0,0,1,2,0,1,-1.2482861215619045,-1.0080840350331364,0.0
29,1,0,0,1.6364374230011556,1,0,1,1,1,1,0,0.7803899704487149,1.783515437258134,0.0
30,0,0,1,-0.6090423132846845,0,0,1,0,2,1,2,-0.08276863322940874,-0.54001745316645,0.0
31,0,1,0,1.5956105187050496,1,1,1,1,1,1,0,0.9864669756321415,1.958561505836559,0.0
33,0,0,1,-0.20077327032362266,0,0,1,1,0,0,2,-0.03378311560383998,-0.195936331949463,0.0
34,1,0,0,-1.2622727820223836,0,2,1,0,2,0,3,-1.5861172776003092,-1.0124877097143545,0.0
35,1,1,0,-1.2622727820223836,0,0,1,0,2,0,3,-0.7398502317241058,-1.001456504637903,0.0
36,0,0,1,1.6364374230011556,1,1,1,1,1,0,3,1.1063970360257755,2.172029636008613,0.0
37,1,0,0,-1.0989651648379588,0,1,1,0,2,1,1,0.08614694478979355,-0.8818306819226094,0.0
38,0,0,0,0.5749379113023949,0,1,1,0,2,1,0,0.2584408343693797,0.5411727545662516,0.0
39,1,0,0,0.08501505974912064,1,1,1,0,2,1,1,1.324298131670546,0.5415911036609672,0.0
40,0,0,0,-0.8540037390613217,1,1,1,0,2,1,3,1.0371416490379022,-0.5346009333085514,0.0
41,1,0,1,-0.8948306433574279,0,0,1,1,0,0,2,-0.5945828346275919,-0.8119003279848638,0.0
42,0,0,1,1.5547836144089433,1,0,1,1,1,1,0,0.06925538698787333,1.1242413007329521,0.0
43,0,0,1,-0.6090423132846845,0,2,1,1,0,0,2,-1.567536564018197,-0.8371994390284626,0.0
44,0,0,0,1.2689952843362,1,0,1,0,1,1,0,0.4290455681687739,1.119441295330424,0.0
45,0,0,0,-0.7723499304691093,1,0,1,1,2,1,1,0.30573719621475653,-0.5891844809822515,0.0
46,0,0,0,0.6974186241907134,1,1,1,0,2,1,1,0.5861370557266322,0.699000455141113,0.0
47,1,0,0,-1.2214458777262773,0,0,1,0,2,0,2,-0.6047177693087439,-0.9786674881625984,0.0
49,1,0,0,0.8198993370790321,1,0,1,0,1,1,0,0.42566725660839005,0.8359987744738124,0.0
50,0,0,1,1.513956710112837,1,0,1,1,1,1,0,-0.1013493468115209,0.8519841135666347,0.0
51,0,1,0,0.45245719841407633,1,1,1,0,2,1,1,0.7803899704487149,0.6690774856822351,0.0
52,0,0,0,-0.6906961218768969,0,1,1,0,2,1,0,1.0793705435427028,-0.39324297604144604,0.0
53,0,1,0,-0.282427078915835,1,0,1,1,2,1,0,0.07939032166902536,-0.2495730895667011,0.0
54,0,1,0,-0.9764844519496403,1,1,1,1,2,1,0,0.4560720606518467,-0.7424984150088645,0.0
55,0,1,1,1.1465145714478815,0,0,1,1,0,1,0,0.2601299901495716,0.9410484339942736,0.0
56,1,1,0,-0.5682154089885784,1,1,1,0,2,1,1,0.9560621715886853,-0.24961712631351335,0.0
57,0,0,1,1.2689952843362,1,1,1,1,0,1,0,1.0979512571248153,1.7578640322400378,0.0
58,1,1,1,1.3914759972245185,1,1,1,1,0,1,1,1.3952426744386113,2.0948112004734516,0.0
59,0,0,1,0.08501505974912064,1,2,1,1,1,0,0,-1.425647478482067,-0.6275625058290685,0.0
60,0,0,0,1.6364374230011556,1,1,1,0,1,1,0,1.3631487146149628,2.437130851817951,0.0
61,0,0,0,0.615764815598501,1,1,1,1,2,1,1,1.1266669053880796,1.0514705766258208,0.0
63,1,0,0,1.6364374230011556,0,0,0,1,1,0,3,-0.8462670458762032,0.2829853080064263,0.0
64,0,0,1,-0.5682154089885784,0,0,1,1,0,1,0,-0.4307347239489656,-0.599907428831018,0.0
65,0,0,0,-0.935657547653534,1,1,1,0,2,0,1,0.920589900204653,-0.643878120522982,0.0
66,0,0,0,-1.180618973430171,0,0,1,0,2,1,1,0.27533239217129996,-0.9138894336018782,0.0
67,1,0,0,0.615764815598501,2,1,1,1,0,1,1,0.3969516083451259,0.5861122546880836,0.0
68,0,0,0,-0.03746565313919791,0,0,1,0,1,0,2,0.4070865430262779,0.07830250882340258,0.0
69,0,0,1,0.7382455284868197,0,2,1,1,1,0,3,-1.5878064333805013,-0.6114450564958097,0.0
70,1,0,0,-0.8948306433574279,0,1,1,0,2,1,2,0.4290455681687739,-0.6306230597325152,0.0
71,1,0,0,-1.2622727820223836,0,0,1,0,2,0,2,-0.6114743924295121,-0.9997831082590398,0.0
72,0,0,1,0.8198993370790321,0,2,1,1,0,1,1,-1.579360654479541,-0.5410963534633484,0.0
73,1,1,1,1.309822188632306,1,1,1,1,1,1,3,1.5016594885907084,2.104785523626411,0.0
74,1,0,1,1.228168380040094,1,2,1,1,1,1,3,-1.4492956594047555,-0.3940356374840654,0.0
75,0,0,1,-1.180618973430171,0,0,1,0,2,1,3,-0.08952525635017693,-0.9432619437256038,0.0
76,0,1,0,0.9832069542634568,1,1,1,0,0,0,1,1.4644980614264842,1.682252937963521,0.0
77,0,0,0,0.5749379113023949,0,0,1,0,0,0,0,-0.38850582944416506,0.16269893408895011,0.0
78,0,0,1,-0.9764844519496403,0,0,1,1,2,0,2,-0.4222889450480055,-0.8090159210686659,0.0
79,1,1,0,-0.0782925574353041,0,0,1,0,2,1,1,0.2567516785891878,-0.091635297124809,0.0
80,0,0,1,0.5341110070062888,1,2,1,1,0,1,0,-1.3935535186584187,-0.48563207085340476,0.0
81,0,0,1,-1.2622727820223836,0,1,1,0,2,1,1,0.4121540103668537,-0.9864399739749486,0.0
82,0,0,1,-0.8540037390613217,0,0,0,1,2,0,1,-0.5607997190237515,-0.7724213844677423,0.0
83,0,0,0,-1.0173113562457465,0,1,1,1,2,1,3,0.2702649248307242,-0.8025645376606811,0.0
84,0,0,0,0.41163029411797014,0,1,1,0,2,1,3,1.238151186880753,0.8843070857267764,0.0
85,0,0,0,0.6974186241907134,0,2,1,1,1,1,3,-1.5878064333805013,-0.5927514574740383,0.0
87,0,0,0,0.12584196404522685,0,0,1,1,0,1,3,-0.16891557801920207,-0.045771025319921235,0.0
88,0,0,1,0.6565917198946073,0,2,1,1,1,0,3,-1.5709148755785811,-0.5559147187656478,0.0
89,0,0,1,0.5749379113023949,0,2,1,1,1,1,2,-1.5945630565012692,-0.6131184528746727,0.0
92,1,1,0,-1.2622727820223836,0,1,1,0,2,0,1,0.25506252280899583,-0.9884876827017152,0.0
93,1,0,1,1.3914759972245185,1,0,1,1,1,1,2,0.569245497924712,1.4949866721447154,0.0
94,0,0,0,1.3506490929284123,1,1,1,0,2,1,0,1.4830787750085963,2.1083084633713853,0.0
95,1,0,0,1.6364374230011556,1,1,1,0,1,1,3,1.140180151629616,2.263339830523673,0.0
96,0,0,0,-0.8131768347652155,1,1,1,0,2,1,1,0.3986407641253178,-0.6130083610076422,0.0
97,1,0,1,1.5956105187050496,1,0,1,1,0,1,0,-0.010134934681152041,1.0697898632996885,0.0
98,1,0,0,-1.0989651648379588,0,2,1,0,2,0,2,-1.557401629337045,-0.9712472963247457,0.0
99,1,0,0,0.8198993370790321,0,2,1,0,1,0,3,-1.5590907851172369,-0.5338082718659322,0.0
100,0,1,0,-0.282427078915835,0,1,1,1,2,1,1,1.0591006741803988,0.08592086602191021,0.0
101,1,0,0,-1.2622727820223836,0,2,1,0,2,0,2,-1.5861172776003092,-1.0124877097143545,0.0
102,0,0,1,-1.2622727820223836,0,2,1,1,2,0,1,-1.6114546143031896,-1.012817985315446,0.0
103,1,0,0,0.2483226769335454,1,1,1,0,0,0,3,0.940859769566957,0.5664058104896319,0.0
104,0,1,0,1.3914759972245185,0,0,0,1,0,0,3,-0.7297152970429537,0.31171928530137527,0.0
105,1,0,0,1.4731298058167308,1,1,1,1,1,1,3,1.447606503624564,2.330627979652688,0.0
106,1,0,0,-1.0989651648379588,0,0,0,0,2,0,2,-1.4476065036245636,-0.9772583122646087,0.0
108,0,0,0,0.0033612511569082737,0,0,0,0,0,0,2,-1.2499752773420967,-0.6128762507672056,0.0
109,1,0,0,0.45245719841407633,1,1,1,0,0,0,2,0.9189007444244606,0.7054298201756918,0.0
110,1,0,1,1.6364374230011556,0,2,1,1,1,0,0,-1.6131437700833817,-0.42105218165333924,0.0
111,1,0,0,0.9423800499673506,1,1,1,1,2,1,1,0.9999802218736779,1.2856579961730064,0.0
112,0,0,0,0.8198993370790321,0,0,1,0,0,0,0,-0.3108046635553318,0.3183247973232026,0.0
113,0,0,0,0.45245719841407633,0,1,1,0,2,1,1,0.8276863322940917,0.7198738731300874,0.0
114,0,1,0,0.2074957726374392,1,1,1,1,2,1,1,0.3158721308959086,0.24165682112319317,0.0
117,0,0,0,0.16666886834133302,0,0,0,0,1,0,3,-1.2195704732986403,-0.5253752348513994,0.0
118,0,0,1,-0.8948306433574279,1,1,1,1,2,1,1,1.1182211264871196,-0.5525459076345157,0.0
120,1,0,1,-0.20077327032362266,1,1,1,1,2,1,0,0.6097852366493207,-0.07388848815949964,0.0
121,0,0,1,0.9832069542634568,1,1,1,1,0,1,0,1.103018724465391,1.4074416194820967,0.0
122,0,0,0,-1.0581382605418526,0,2,1,0,2,0,2,-1.569225719798389,-0.9717317005396797,0.0
123,1,0,0,-1.180618973430171,1,1,1,0,2,1,1,0.24492758812784382,-0.9202967802630506,0.0
124,0,0,1,-1.0173113562457465,0,0,1,1,2,0,2,-0.5557322516831752,-0.8671003901139345,0.0
125,0,0,1,-1.139792069134065,0,2,1,1,2,0,2,-1.5641582524578128,-0.9936840188255526,0.0
128,1,0,0,1.6364374230011556,1,2,1,1,1,1,3,-1.4729438403274437,-0.26221163590179747,0.0
129,1,0,0,-1.2622727820223836,0,2,1,0,2,0,2,-1.6013196796220375,-1.0126858750750094,0.0
130,1,1,0,1.5956105187050496,0,0,0,0,0,1,1,-0.3614793369610925,0.7336353565088944,0.0
131,0,0,0,-0.7723499304691093,1,1,1,0,2,1,1,0.635122573352201,-0.48605041994812037,0.0
132,0,0,1,-0.282427078915835,0,0,0,1,2,1,0,-0.2888456384128356,-0.359664956597157,0.0
133,1,0,0,1.4323029015206248,0,0,1,0,1,0,3,-0.5607997190237515,0.41425885025354187,0.0
134,1,0,0,-1.2622727820223836,0,0,0,0,2,1,1,-1.0709247646417421,-1.0057721058254967,0.0
135,1,0,0,-1.2214458777262773,0,0,1,0,2,0,1,-0.7702550357675622,-0.9856032757855172,0.0
137,0,0,0,-0.3640808875080474,0,1,1,0,2,1,3,0.2651974574901479,-0.238189590515752,0.0
138,0,0,1,1.309822188632306,0,2,1,1,1,0,2,-1.5861172776003092,-0.4587036001777552,0.0
139,1,0,1,1.024033858559563,0,2,1,0,1,1,2,-1.6063871469626134,-0.5059109927604147,0.0
140,0,1,0,-1.2622727820223836,0,1,1,1,2,1,2,0.11148428149267389,-0.9903592444412329,0.0
142,0,0,0,-0.9764844519496403,1,0,1,0,2,0,1,0.1351324624153623,-0.7731700091635494,0.0
143,0,0,0,1.1873414757439877,1,1,1,1,1,1,3,1.1452476189701917,1.608161111452024,0.0
145,1,1,0,1.5956105187050496,1,2,1,1,1,0,3,-1.4594305940859074,-0.24800978505486865,0.0
146,0,0,1,1.3506490929284123,1,1,1,1,1,1,0,1.0776813877625109,1.8043228001268903,0.0
147,1,0,0,-1.180618973430171,0,2,1,0,0,0,2,-1.6063871469626134,-0.9943665884011414,0.0
148,1,0,0,-1.2622727820223836,0,0,1,0,2,1,1,-0.7263369854825696,-1.0012803576506542,0.0
149,1,0,1,-0.0782925574353041,0,0,1,0,0,0,0,-0.08952525635017693,-0.1714959374687018,0.0
150,1,0,1,-0.6906961218768969,0,0,1,1,2,1,2,0.07939032166902536,-0.5495734272246935,0.0
151,0,0,1,-0.9764844519496403,0,0,1,1,2,1,1,0.04729636184537683,-0.7728617519358641,0.0
152,1,0,0,-1.0173113562457465,1,1,1,0,2,0,2,0.940859769566957,-0.7327222572165599,0.0
153,0,0,1,1.5547836144089433,1,1,1,1,0,1,0,1.3851077397574594,2.4709730917431134,0.0
154,1,0,1,1.228168380040094,0,0,1,1,1,0,1,0.6401900406927767,1.2752433055519254,0.0
158,1,0,1,-0.4049077918041536,0,2,1,1,0,0,2,-1.5878064333805013,-0.8364728327060615,0.0
159,1,0,1,-0.6498692175807907,0,0,1,1,1,0,2,-0.09797103525113704,-0.570446845213668,0.0
160,1,0,0,-0.8948306433574279,1,2,1,0,1,0,3,-1.4003101417791866,-0.9105866775909646,0.0
161,0,0,1,-0.7723499304691093,0,0,1,0,2,1,1,-0.3766817389828208,-0.6847001848178751,0.0
162,0,0,0,-0.486561600396366,1,1,1,1,2,0,1,0.5151925129585675,-0.3201639947066295,0.0
164,1,0,0,0.8607262413751382,1,0,1,0,1,1,3,0.22803603032592357,0.7217013981227931,0.0
165,0,0,1,-0.8540037390613217,0,2,1,1,0,0,2,-1.572604031358773,-0.9183811817767208,0.0
167,0,0,0,-1.139792069134065,0,1,1,0,2,1,3,0.1266866835144022,-0.9011628137731574,0.0
168,1,0,0,1.6364374230011556,1,0,1,1,1,1,3,0.7398502317241062,1.7328731784241245,0.0
169,1,1,0,1.0648607628556692,0,0,0,1,2,1,1,-0.7381610759439138,0.14611909891416341,0.0
170,0,0,1,-0.6498692175807907,0,2,1,1,2,0,1,-1.579360654479541,-0.8798490283160612,0.0
171,1,0,0,0.45245719841407633,0,1,1,1,0,1,3,0.5776912768256721,0.537187428979749,0.0
172,0,0,0,-1.2214458777262773,1,1,1,1,2,1,1,1.2584210562430576,-0.9144619113104365,0.0
173,1,0,0,-0.7315230261730031,0,0,1,1,1,0,2,0.49999011093683915,-0.5009788771174503,0.0
174,0,0,0,0.8607262413751382,0,1,1,1,0,1,3,0.9357923022263808,1.1805422815323272,0.0
176,0,0,0,0.08501505974912064,1,2,1,1,2,0,1,-1.4340932573830272,-0.6778084339417685,0.0
177,0,1,0,-0.6906961218768969,1,1,1,0,2,1,2,0.24661674390803573,-0.516854124343242,0.0
178,0,1,0,-1.0173113562457465,0,1,1,0,2,0,3,0.31418297511571663,-0.799614075624265,0.0
179,0,0,1,-0.6906961218768969,1,1,1,1,2,1,3,1.2905150160667056,-0.33474015790146183,0.0
180,1,0,0,1.1873414757439877,0,2,1,1,0,1,0,-1.5742931871389652,-0.47004306248189215,0.0
182,0,0,0,-1.2622727820223836,0,0,1,0,2,0,2,-0.7381610759439138,-1.0014344862644966,0.0
183,1,0,0,-0.9764844519496403,1,1,1,0,2,0,3,0.5861370557266322,-0.7295736298194888,0.0
184,1,0,1,0.04418815545301446,0,0,1,1,0,0,0,0.2567516785891878,0.05897037697285468,0.0
185,0,0,0,-0.7723499304691093,0,1,1,0,2,1,1,0.40877569880646986,-0.53184863663279,0.0
187,1,0,0,-0.486561600396366,0,0,1,0,2,1,2,-0.5185708245189509,-0.5705129003338862,0.0
188,1,0,0,-1.180618973430171,0,0,0,0,2,0,1,-1.2415294984411367,-0.9852069450642075,0.0
189,0,0,0,-0.7723499304691093,0,2,1,0,0,0,1,-1.6046979911824215,-0.9135811763741928,0.0
190,0,0,0,0.32997648552575776,1,0,1,1,2,0,0,-0.3564118696205165,0.026295110838215244,0.0
191,1,0,1,0.45245719841407633,1,0,1,1,0,1,0,0.16046979911824266,0.3760569723939737,0.0
192,1,0,0,-1.0581382605418526,0,1,1,1,2,1,1,0.8057273071515952,-0.787548006997727,0.0
193,0,0,1,1.513956710112837,0,2,1,1,1,0,3,-1.6013196796220375,-0.41570171691565905,0.0
194,0,0,1,1.6364374230011556,1,1,1,1,1,0,0,1.4374715689434119,2.558496126032326,0.0
195,1,0,1,1.1056876671517752,0,2,1,1,1,0,0,-1.6165220816437658,-0.49615685334151627,0.0
196,0,0,0,-0.486561600396366,0,1,1,1,2,1,1,0.9932235987529097,-0.18395833681654938,0.0
198,1,0,0,1.1056876671517752,1,1,1,0,2,1,1,1.4932137096897484,1.8497026677168444,0.0
199,1,0,1,1.6364374230011556,1,1,1,1,1,1,3,1.523618513733205,2.5198979174514475,0.0
200,1,0,1,-1.2622727820223836,0,2,1,0,2,0,2,-1.567536564018197,-1.0122455076068875,0.0
201,0,0,0,-0.20077327032362266,0,1,1,1,0,1,0,1.1739632672334563,0.15930810458441216,0.0
202,0,0,0,-0.7315230261730031,0,1,1,0,2,1,0,0.4358021912895421,-0.5315623977785109,0.0
203,1,0,1,1.5956105187050496,1,1,1,1,1,0,1,1.297271639187474,2.2397581526057495,0.0
205,1,0,0,0.4932841027101825,0,1,1,0,2,0,0,0.057431296526528876,0.28164218722865464,0.0
207,1,0,1,1.6364374230011556,0,0,0,1,1,1,0,-0.395262452564933,0.8190005902043099,0.0
208,1,0,0,-1.2622727820223836,0,1,1,0,2,0,1,0.43073472394896634,-0.9861977718674816,0.0
209,0,0,0,-0.5273885046924722,0,1,1,0,2,1,1,1.3327439105715062,-0.1695142838621536,0.0
210,1,0,0,1.309822188632306,0,1,1,1,0,1,0,1.1925439808155687,1.9088660370590116,0.0
211,1,0,0,-1.2214458777262773,0,0,1,0,2,1,0,-0.7145128950212254,-0.9841720815141213,0.0
212,0,0,0,-1.2622727820223836,0,0,0,0,2,0,1,-1.4155125438009148,-1.0102638540003392,0.0
214,0,0,1,-0.11911946173141029,0,2,1,1,0,0,1,-1.5928739007210773,-0.7835626814112245,0.0
215,1,1,0,-0.3640808875080474,1,1,1,1,2,0,1,0.6638382216154652,-0.15128307068191013,0.0
216,0,0,0,1.024033858559563,0,0,0,1,2,1,3,-0.28377817107225956,0.4923580207249473,0.0
217,1,0,1,1.6364374230011556,0,0,0,1,1,0,0,-0.7398502317241058,0.36128264383848663,0.0
219,1,0,1,1.3506490929284123,1,0,1,1,1,1,3,0.5760021210454802,1.3233534514442347,0.0
220,0,0,0,-0.9764844519496403,0,1,1,0,2,1,3,0.4341130355093502,-0.7463296119815244,0.0
224,1,0,0,-1.139792069134065,0,0,1,1,2,0,2,-0.5776912768256717,-0.9424032271627663,0.0
225,0,0,0,-0.8131768347652155,0,2,1,0,0,1,3,-1.6148329258635736,-0.9247885284378934,0.0
226,1,0,0,-0.3232539832119412,0,0,0,0,0,1,2,-0.5591105632435592,-0.4538595580284151,0.0
227,0,0,1,-0.03746565313919791,0,0,1,1,0,1,2,0.4729636184537669,0.0996823494007172,0.0
228,0,0,0,-1.2622727820223836,0,0,1,1,2,0,2,-0.4037082314658931,-0.9970748483300907,0.0
229,1,0,0,-0.0782925574353041,1,1,1,0,2,1,0,0.7685658799873709,0.17780353824552875,0.0
230,0,0,1,0.615764815598501,1,0,1,1,1,1,0,0.6131635482097045,0.7873161508729448,0.0
231,1,0,0,0.9015531456712444,1,1,1,0,1,1,0,1.380040272416883,1.515419722665568,0.0
233,1,0,0,-1.2622727820223836,0,1,1,0,2,1,2,0.5895153672870161,-0.9841280447673091,0.0
235,0,0,0,-0.11911946173141029,1,2,1,0,2,0,1,-1.418890855361299,-0.7122451699488952,0.0
237,0,0,0,-0.8948306433574279,0,0,0,0,1,1,2,-1.2685559909242088,-0.889691241228584,0.0
238,1,0,0,-0.5682154089885784,1,1,1,1,2,1,1,0.20269869362304324,-0.44628523757671973,0.0
239,0,1,0,-0.8540037390613217,0,1,1,0,2,1,1,0.940859769566957,-0.5280394580335364,0.0
240,1,0,0,-0.6498692175807907,0,2,1,0,1,0,2,-1.6013196796220375,-0.8961646430099748,0.0
241,0,0,0,1.6364374230011556,1,0,1,0,1,0,3,0.657081598494697,1.7751704737372256,0.0
242,1,0,0,1.6364374230011556,1,1,1,0,1,0,3,1.4205800111414917,2.447963891533748,0.0
244,0,1,0,1.3506490929284123,0,1,1,1,2,0,1,0.920589900204653,1.6763740322640943,0.0
246,1,1,0,-1.139792069134065,0,1,1,0,2,0,1,0.27702154795149186,-0.9009866667859087,0.0
247,1,0,0,0.37080338982186395,1,0,1,0,0,0,2,-0.0726336985482567,0.09353922322041783,0.0
248,1,1,0,-0.6906961218768969,0,1,1,0,2,1,1,0.24492758812784382,-0.5482963615671402,0.0
249,1,0,0,-1.2622727820223836,0,0,1,0,2,1,2,-0.6283659502314324,-1.0000032919931008,0.0
250,1,0,0,0.41163029411797014,1,1,1,0,0,1,1,1.075992231982319,0.8715144107778374,0.0
251,0,0,0,0.7790724327829258,0,1,1,1,0,1,1,0.8901850961611963,1.0129164047917552,0.0
252,0,0,1,-1.2214458777262773,0,1,1,1,2,0,1,0.10979512571248197,-0.956583059636289,0.0
253,1,1,0,-1.2622727820223836,0,0,0,1,2,0,1,-0.9104549655235,-1.0036803603519182,0.0
254,1,0,1,0.0033612511569082737,1,0,1,0,0,0,0,0.55911056324356,0.13823652123478294,0.0
255,1,0,0,-0.8948306433574279,0,2,1,0,2,1,2,-1.5979413680616534,-0.9363701928494972,0.0
256,0,0,1,1.4323029015206248,0,0,0,1,1,1,1,-0.2567516785891873,0.7858409198547366,0.0
257,0,0,1,1.1873414757439877,1,1,1,1,1,0,0,1.61990039320415,2.064778139147543,0.0
258,1,0,0,0.7382455284868197,1,1,1,0,0,0,0,1.5945630565012698,1.5288289120698777,0.0
259,0,0,0,-1.2214458777262773,0,0,1,1,2,1,0,-0.7618092568666021,-0.9859115330132023,0.0
260,0,1,0,-0.11911946173141029,0,0,0,1,2,1,1,-0.7482960106250659,-0.4803256428625367,0.0
261,1,1,0,-1.180618973430171,0,0,0,0,2,1,1,-0.8783610056998516,-0.9631665532847103,0.0
262,1,1,0,-0.7723499304691093,1,1,1,0,2,1,1,1.3428788452526588,-0.4205897958118114,0.0
263,1,1,0,1.024033858559563,1,1,1,1,2,1,1,0.7668767242071786,1.147580776543409,0.0
264,0,0,0,-0.03746565313919791,0,0,0,0,1,1,3,-0.5844478999464396,-0.3519805442784313,0.0
265,0,0,0,0.5341110070062888,1,1,1,1,0,0,2,1.5590907851172373,1.1946560588856316,0.0
266,0,0,1,1.1873414757439877,1,0,1,1,1,0,2,0.7077562719004578,1.4124177718718736,0.0
267,1,0,0,0.7382455284868197,1,2,1,0,1,0,3,-1.427336634262259,-0.49503391629780563,0.0
268,0,1,0,-0.5273885046924722,0,1,1,0,2,1,2,1.2786909256053616,-0.13745553218288484,0.0
269,1,0,0,1.1056876671517752,0,2,1,0,1,0,2,-1.6148329258635736,-0.5371550646236581,0.0
270,0,0,0,1.5956105187050496,1,2,1,1,1,1,0,-1.4492956594047555,-0.25824832868870107,0.0
272,1,0,0,1.024033858559563,0,0,1,1,1,1,1,-0.2499950554684191,0.49795068757009453,0.0
273,1,0,0,-1.2622727820223836,0,0,0,0,2,0,3,-1.4307149458226431,-1.0104620193609941,0.0
274,1,1,0,-0.486561600396366,1,1,1,1,2,0,1,1.3479463125932345,-0.06488297343640823,0.0
275,1,0,0,-1.2622727820223836,0,1,1,0,2,0,2,0.11655174883324967,-0.9902931893210146,0.0
276,1,0,0,-1.0989651648379588,1,1,1,1,2,1,1,0.6165418597700889,-0.8447517411067519,0.0
277,0,0,0,0.8198993370790321,1,1,1,1,2,1,1,1.2803800813855535,1.4556178204946246,0.0
278,1,1,0,-0.4457346961002598,0,0,1,1,2,1,3,-0.07432285432844862,-0.43137879878079605,0.0
279,1,0,0,-0.7315230261730031,0,0,0,0,2,1,1,-0.41046485458666127,-0.6814414655537736,0.0
280,0,0,0,-1.0989651648379588,0,0,1,0,2,0,3,-0.5607997190237515,-0.913603194747599,0.0
281,0,0,0,-1.0581382605418526,0,0,1,0,2,0,2,-0.40539738724608526,-0.8791884771138785,0.0
282,0,0,0,-0.8948306433574279,0,0,1,0,2,0,1,-0.5388406938812549,-0.8019700415787167,0.0
285,1,0,1,-0.5682154089885784,0,1,1,1,2,0,2,0.9459272369075333,-0.23755105768697532,0.0
286,0,0,0,-0.4049077918041536,1,1,1,0,0,1,0,0.29898057309398834,-0.23594371642833073,0.0
288,1,0,0,-1.2622727820223836,0,1,1,1,2,0,1,0.09628187947094559,-0.9905574098018877,0.0
289,1,1,0,-0.9764844519496403,0,1,1,0,2,1,1,0.24830589968822767,-0.7542782447811233,0.0
290,1,0,0,-0.8948306433574279,0,0,1,0,2,1,0,-0.7533634779656418,-0.8296471369501733,0.0
291,1,1,0,-0.3232539832119412,1,1,1,0,2,1,1,0.3023588846543722,-0.267165769918168,0.0
292,1,0,0,0.12584196404522685,0,0,1,0,0,0,2,-0.20100953784285033,-0.13131240600258537,0.0
293,1,0,1,-0.3640808875080474,0,1,1,1,0,0,2,0.6638382216154652,-0.16671795043958004,0.0
294,0,1,0,-1.0581382605418526,0,1,1,0,2,1,1,0.7499851664052583,-0.771342484170844,0.0
296,1,0,0,-1.2622727820223836,0,2,1,0,2,0,2,-1.5844281218201173,-1.0124656913409484,0.0
297,0,0,1,1.5956105187050496,0,1,1,1,1,0,1,0.30066972887418025,1.3726525895004726,0.0
298,1,1,0,0.12584196404522685,1,1,1,1,2,1,1,1.1368018400692317,0.49238003909835343,0.0
299,1,0,1,0.32997648552575776,1,0,1,1,2,1,1,0.24999505546841957,0.30665505941797433,0.0
300,0,0,1,-1.2622727820223836,0,1,1,0,2,1,2,0.21790109564477106,-0.9889720869166492,0.0
301,1,0,0,-0.3640808875080474,0,0,1,0,0,1,3,-0.07601201010864055,-0.356516329200086,0.0
302,0,1,0,-1.139792069134065,1,1,1,0,2,1,1,0.9560621715886853,-0.8469535784473611,0.0
303,1,0,0,-1.139792069134065,0,1,1,0,2,1,1,0.7854574377892911,-0.8643260750647669,0.0
304,0,0,1,1.4731298058167308,0,0,0,1,1,0,0,-0.23141434188630694,0.788086793942158,0.0
305,1,0,1,0.2483226769335454,1,1,1,0,2,1,2,0.49661179937645483,0.3621193420279179,0.0
306,1,0,1,0.8198993370790321,1,2,1,1,1,0,2,-1.4307149458226431,-0.48012747750188195,0.0
307,1,1,0,0.0033612511569082737,1,1,1,1,2,1,1,0.261819145929764,-0.007062724872012897,0.0
308,1,0,1,-0.11911946173141029,0,0,1,1,1,0,2,0.28377817107226005,-0.11669220606094081,0.0
309,1,1,1,0.2483226769335454,1,1,1,1,2,0,1,1.1486259305305762,0.6264058780212304,0.0
310,1,0,1,0.6565917198946073,1,0,1,0,0,1,0,0.3918841410045496,0.600248050414794,0.0
311,0,0,0,-1.2622727820223836,0,2,1,0,2,1,3,-1.6182112374239577,-1.0129060588090701,0.0
314,0,1,0,-1.0989651648379588,0,1,1,1,2,1,1,0.07432285432844911,-0.8709536054600004,0.0
315,1,0,0,-1.0989651648379588,0,1,1,0,2,1,1,0.4543829048716543,-0.8383884311923916,0.0
316,1,0,1,0.7790724327829258,1,1,1,1,0,0,0,1.449295659404756,1.4827224381575224,0.0
318,0,0,1,0.2483226769335454,0,0,1,1,0,0,0,0.4442479701905022,0.32554682380040056,0.0
319,1,1,0,-0.3232539832119412,0,1,1,1,2,1,1,0.8783610056998524,-0.03890129281722063,0.0
320,1,0,0,0.12584196404522685,1,1,1,1,2,1,0,0.8226188649535154,0.40380012288564854,0.0
321,0,1,0,0.9015531456712444,1,0,1,0,0,0,3,0.5168816687387594,0.8942593905063299,0.0
322,0,0,1,1.6364374230011556,0,0,0,1,1,1,1,-0.241549276567459,0.8563437515010407,0.0
324,0,0,1,-0.935657547653534,0,0,1,1,0,0,2,-0.6266767944512401,-0.8354159507825692,0.0
325,1,0,0,1.513956710112837,0,0,0,0,1,1,3,-0.23986012078726707,0.8178996715340053,0.0
326,0,0,0,0.8198993370790321,1,1,1,1,2,1,0,1.2009897597165287,1.2412689553863268,0.0
327,0,1,0,-0.8540037390613217,0,1,1,1,2,1,1,0.5320840707604877,-0.6338377422498045,0.0
328,0,1,0,-1.2214458777262773,0,1,1,0,2,1,1,0.10810596993228956,-0.9601500361280757,0.0
329,0,1,1,-0.15994636602751647,0,0,0,1,2,1,1,-1.055722362620014,-0.5926193472336017,0.0
330,0,1,0,-0.6090423132846845,1,1,1,0,2,1,0,0.5236382918595276,-0.3740209360579285,0.0
332,0,0,0,-0.9764844519496403,0,2,1,0,0,1,2,-1.6199003932041496,-0.9500656211080861,0.0
333,1,0,0,0.5749379113023949,1,1,1,0,0,1,0,0.9374814580065732,0.9263401605590045,0.0
334,0,0,0,-1.0173113562457465,1,1,1,0,2,1,1,0.22634687454573116,-0.796245264493133,0.0
336,1,0,1,1.4731298058167308,1,0,1,1,0,1,3,0.29222394997322015,1.309900225293113,0.0
337,0,0,0,0.45245719841407633,1,1,1,0,1,1,1,1.2651776793638252,1.074699960569247,0.0
338,0,0,0,1.4731298058167308,1,0,1,0,1,1,1,0.7094454276806501,1.686194226803211,0.0
339,0,0,0,0.16666886834133302,0,1,1,0,2,1,0,0.9341031464461889,0.5488131301381651,0.0
340,1,0,0,1.2689952843362,1,1,1,1,2,1,1,1.2246379406392172,1.8863632594379862,0.0
342,0,0,0,1.5956105187050496,1,0,1,1,1,0,0,0.6283659502314328,1.7193759155261907,0.0
344,1,0,0,1.2689952843362,0,2,1,0,0,0,2,-1.575982342919157,-0.4365090797844152,0.0
345,0,0,1,0.37080338982186395,0,2,1,0,0,1,0,-1.5844281218201173,-0.6404652726450379,0.0
346,0,1,0,-1.2622727820223836,1,1,1,0,2,1,1,0.16722642223901038,-0.9896326381188318,0.0
348,0,0,0,1.5547836144089433,0,2,1,1,1,0,3,-1.6114546143031896,-0.44736413787361823,0.0
349,0,0,0,-0.3640808875080474,0,0,0,0,2,1,1,-0.7499851664052578,-0.5824028219731755,0.0
350,0,1,0,1.309822188632306,0,1,1,1,0,0,3,1.008426000774638,1.81057601817422,0.0
351,1,0,1,0.2074957726374392,1,0,1,1,1,1,0,-0.1469565528767058,-0.01789576458780972,0.0
352,1,0,1,-0.6090423132846845,0,0,1,0,0,0,2,-0.7618092568666021,-0.7213167397922047,0.0
353,0,1,0,-1.0173113562457465,0,1,1,0,2,1,1,0.7432285432844906,-0.768458077254646,0.0
354,1,0,1,-1.139792069134065,1,1,1,1,2,1,3,0.5962719904077843,-0.857610471175909,0.0
355,0,1,0,-0.4457346961002598,0,0,0,0,2,1,1,-0.8530236689969714,-0.6514304226012714,0.0
357,0,1,0,-0.6498692175807907,1,0,1,0,2,1,1,-0.4408696586301177,-0.6298964534101141,0.0
358,1,0,0,1.309822188632306,1,1,1,1,1,1,1,1.2871367045063218,1.9834202494120359,0.0
359,1,1,0,-0.20077327032362266,0,0,0,1,2,0,0,-1.2297054079797924,-0.6668432839855352,0.0
360,1,0,1,0.41163029411797014,1,1,1,1,0,0,1,1.0118043123350218,0.7474628950079197,0.0
361,1,0,1,-1.0989651648379588,0,2,1,0,2,0,2,-1.5861172776003092,-0.9845023571152126,0.0
362,0,0,0,0.37080338982186395,0,1,1,0,1,1,3,1.0692356088615507,0.7220977288441027,0.0
363,1,0,0,1.0648607628556692,0,0,1,1,0,0,0,-0.5692454979247116,0.2462366427916602,0.0
364,0,0,0,0.615764815598501,0,2,1,0,1,1,2,-1.5742931871389652,-0.6049276179676067,0.0
365,1,0,0,-0.5682154089885784,0,1,1,0,2,1,3,0.29560226153360447,-0.4167365804657454,0.0
366,1,0,0,-1.0989651648379588,0,1,1,0,2,0,3,0.9915344429727178,-0.8044801361470111,0.0
368,0,0,0,-1.2622727820223836,0,2,1,0,2,0,2,-1.6215895489843417,-1.0129500955558823,0.0
369,1,0,0,1.5956105187050496,1,1,1,1,0,1,0,1.064168141520975,2.0448294928416244,0.0
371,1,0,1,0.04418815545301446,0,2,1,1,0,0,2,-1.572604031358773,-0.7174194876993266,0.0
372,1,0,0,-1.2214458777262773,1,1,1,0,2,1,1,0.624987638671049,-0.9414564371063043,0.0
373,1,0,1,-0.3232539832119412,0,0,0,0,1,0,2,-1.06078982996059,-0.6555258400548043,0.0
374,0,0,1,0.9832069542634568,1,1,1,1,0,1,0,1.1013295686851992,1.4483737756440203,0.0
375,1,0,0,0.2074957726374392,0,1,1,0,2,1,0,0.9780211967311814,0.5845489501762512,0.0
376,0,0,0,0.45245719841407633,1,0,1,0,0,0,0,0.6064069250889363,0.5913526275587333,0.0
378,0,0,0,-0.282427078915835,1,1,1,1,2,1,3,1.2770017698251697,0.10881997436424504,0.0
379,0,0,0,1.1873414757439877,1,0,1,0,1,0,1,0.7601201010864108,1.3163956454479098,0.0
381,0,0,0,0.37080338982186395,0,1,1,1,0,1,3,0.6435683522531611,0.44902586186175997,0.0
382,1,0,0,-1.2622727820223836,0,0,1,0,2,0,2,-0.5574214074633673,-0.999078520310045,0.0
383,1,1,1,1.6364374230011556,0,0,0,1,1,1,3,-0.07939032166902489,1.062589855195897,0.0
384,1,0,0,-1.2622727820223836,1,1,1,0,2,1,0,0.800659839811019,-0.9813757480915477,0.0
388,0,0,0,0.41163029411797014,0,0,0,0,0,1,1,-0.4189106334876214,0.012797847940281309,0.0
389,1,0,0,0.4932841027101825,1,1,1,0,2,1,2,0.7854574377892911,0.7678298904085541,0.0
390,1,0,1,-1.2622727820223836,0,0,1,0,2,0,1,-0.7820791262289063,-1.002006963973055,0.0
392,1,1,0,-0.20077327032362266,1,0,1,1,2,1,3,0.5962719904077843,-0.004332446569657471,0.0
393,0,1,0,-1.2214458777262773,0,0,1,0,2,1,1,-0.7719441915477543,-0.9820583176671364,0.0
394,0,0,0,-0.5273885046924722,0,2,1,0,2,0,2,-1.5962522122814615,-0.8595260696622391,0.0
395,0,1,0,0.41163029411797014,1,1,1,1,2,1,1,0.942548925347149,0.715646345436118,0.0
396,0,0,0,1.3914759972245185,1,0,1,0,1,1,0,0.7736333473279468,1.6058271638709782,0.0
397,1,1,0,0.04418815545301446,1,1,1,1,2,1,3,1.4442281920641802,0.6056425518992864,0.0
398,0,0,0,0.08501505974912064,0,1,1,0,2,1,0,0.2297251861061155,0.09030252232972227,0.0
399,1,1,0,0.04418815545301446,0,0,0,0,2,1,1,-0.4239781008281974,-0.22709233031908202,0.0
400,0,0,1,-0.3640808875080474,0,2,1,1,0,0,2,-1.5911847449408854,-0.8385865965530463,0.0
401,0,0,0,0.0033612511569082737,0,2,1,0,0,0,3,-1.6013196796220375,-0.7465277773421791,0.0
402,0,0,0,-0.8540037390613217,0,2,1,0,0,0,0,-1.5911847449408854,-0.9167077853978579,0.0
403,1,0,1,1.513956710112837,1,1,1,1,2,1,0,1.0911946340040473,2.064535937040076,0.0
404,0,0,0,1.4731298058167308,0,0,1,1,0,0,3,-0.3800600505432049,0.6735031787368596,0.0
405,1,0,0,-0.486561600396366,0,2,1,0,1,1,2,-1.6030088354022294,-0.8366930164401225,0.0
406,1,0,0,1.6364374230011556,0,2,1,0,1,1,0,-1.5996305238418456,-0.37459341376648686,0.0
407,1,0,1,1.1465145714478815,1,1,1,1,0,1,3,0.9543730158084934,1.5380325921536238,0.0
409,0,0,0,-1.2622727820223836,0,2,1,0,2,1,2,-1.5962522122814615,-1.0126198199547911,0.0
410,1,0,0,-1.2622727820223836,0,2,1,0,2,1,2,-1.6063871469626134,-1.0127519301952277,0.0
411,1,1,0,-1.180618973430171,1,1,1,0,2,1,1,0.47972024157453463,-0.9184692552703452,0.0
412,0,0,0,0.5749379113023949,1,2,1,1,0,1,3,-1.4425390362839872,-0.551885356432333,0.0
413,0,0,0,-0.11911946173141029,1,1,1,1,2,1,1,0.263508301709956,-0.07501142520321016,0.0
414,1,0,0,0.7790724327829258,1,1,1,0,2,1,1,0.6824189351975773,0.9483805523385018,0.0
415,0,1,0,0.6565917198946073,0,1,1,1,2,1,3,0.11824090461344208,0.5397415602948556,0.0
416,0,0,1,-0.6498692175807907,0,1,1,1,2,0,3,0.2060770051834271,-0.4948137325637447,0.0
417,1,0,0,1.5547836144089433,1,1,1,1,1,1,3,1.0658572973011669,1.9990532945303607,0.0
418,0,0,1,0.32997648552575776,1,2,1,1,1,1,2,-1.4307149458226431,-0.5701385879859826,0.0
419,0,0,1,-0.4049077918041536,0,1,1,1,2,0,1,0.5455973170020236,-0.20850882316434105,0.0
420,0,1,0,-1.2622727820223836,0,1,1,0,2,1,3,0.27533239217129996,-0.9882234622208419,0.0
421,0,0,1,-1.0989651648379588,1,2,1,1,2,1,2,-1.4476065036245636,-0.9631445349113041,0.0
422,0,0,0,-1.0173113562457465,0,1,1,0,2,1,3,0.09121441213036934,-0.7943957211270213,0.0
423,1,0,1,-0.11911946173141029,1,1,1,0,0,0,0,1.1283560611682715,0.2250549675750003,0.0
424,1,0,1,0.4932841027101825,1,2,1,1,0,0,2,-1.4003101417791866,-0.5323550592211301,0.0
425,0,0,0,-0.8948306433574279,0,0,0,0,2,0,3,-0.8935634077215797,-0.82352602914328,0.0
426,0,1,0,0.9423800499673506,1,0,1,1,2,0,3,-0.5236382918595268,0.22862194406678724,0.0
427,1,1,0,0.8198993370790321,1,1,1,1,0,1,3,1.2820692371657456,1.3462085230397571,0.0
428,0,0,1,-0.8948306433574279,1,1,1,1,2,0,1,0.635122573352201,-0.6432836244410176,0.0
429,1,0,0,-0.5682154089885784,1,1,1,0,2,1,3,0.28546732685245196,-0.4070484961670653,0.0
430,0,0,0,1.4731298058167308,1,0,1,1,0,0,3,-0.3006697288741798,0.7293858104415188,0.0
431,0,0,1,1.1873414757439877,0,2,1,1,2,1,2,-1.6131437700833817,-0.5006265831429528,0.0
432,0,0,1,1.6364374230011556,0,0,0,1,1,1,0,-0.06587707542748851,1.0855330002850436,0.0
433,1,0,0,-1.2214458777262773,0,0,1,0,2,0,1,-0.4628286837726139,-0.9687592201298574,0.0
434,1,0,0,-0.8131768347652155,0,0,1,0,2,1,3,-0.7347827643835297,-0.792876453362001,0.0
435,1,0,0,0.37080338982186395,0,2,1,1,1,1,1,-1.6013196796220375,-0.625294613368241,0.0
436,0,0,0,-0.24160017461972885,0,0,0,0,2,1,0,-0.766876724207178,-0.5000761238078005,0.0
437,1,0,0,0.16666886834133302,0,2,1,1,0,0,3,-1.5641582524578128,-0.7042965371492963,0.0
438,1,0,1,1.6364374230011556,1,1,1,1,1,1,0,1.5844281218201177,2.707736660978812,0.0
439,1,0,0,0.12584196404522685,1,1,1,1,2,1,3,0.7668767242071786,0.3707065076562935,0.0
440,1,0,0,-1.2622727820223836,0,0,1,0,2,0,2,-0.40877569880646936,-0.9971409034503088,0.0
441,0,0,1,-0.6498692175807907,1,1,1,1,2,1,1,1.5472666946558935,-0.19236935545767628,0.0
442,0,1,0,0.6974186241907134,1,1,1,0,2,0,0,1.1621391767721119,1.2114560777944792,0.0
443,0,0,0,0.9015531456712444,1,1,1,1,0,1,2,1.6046979911824222,1.6426198658325568,0.0
444,0,0,1,-0.5682154089885784,1,0,1,0,2,0,1,-0.07939032166902489,-0.5076064075126837,0.0
445,0,0,0,0.16666886834133302,0,1,1,1,2,0,1,0.44762628175088653,0.2722623601576599,0.0
447,0,0,0,-1.2622727820223836,0,1,1,0,2,0,2,0.0810794774492173,-0.9907555751625424,0.0
448,0,0,1,0.8198993370790321,1,2,1,1,1,1,3,-1.4222691669216831,-0.46200635618866887,0.0
449,1,0,1,-0.9764844519496403,0,1,1,1,2,1,1,0.932413990665997,-0.6869020221584842,0.0
450,1,0,1,1.6364374230011556,0,1,1,1,1,0,3,1.295582483407282,2.3304958694122515,0.0
451,0,0,0,1.309822188632306,1,2,1,0,0,0,2,-1.4340932573830272,-0.2979694743132896,0.0
452,0,1,0,-0.4049077918041536,0,0,1,0,2,1,2,0.08783610056998548,-0.340839247334949,0.0
455,0,0,0,1.1873414757439877,1,2,1,1,1,0,2,-1.4442281920641793,-0.3969860995204816,0.0
456,0,0,0,-0.3232539832119412,1,1,1,0,2,1,1,1.2499752773420973,0.07717957177969205,0.0
457,1,0,1,-0.15994636602751647,0,1,1,1,0,0,3,0.8699152267988923,0.19770814780463508,0.0
458,0,0,1,-0.0782925574353041,0,0,1,1,1,0,3,0.46113952799242247,0.021979509650621492,0.0
459,1,0,0,-1.2214458777262773,0,2,1,1,2,0,2,-1.5928739007210773,-1.004649168781786,0.0
461,1,0,1,-1.0581382605418526,0,2,1,0,2,0,2,-1.6046979911824215,-0.9769500550369233,0.0
462,0,0,0,-0.3232539832119412,0,0,1,1,2,1,3,0.07770116588883344,-0.3106080206483859,0.0
463,1,0,1,-1.139792069134065,1,1,1,1,2,0,1,1.1486259305305762,-0.8514453266222035,0.0
464,1,0,0,-1.0173113562457465,1,1,1,0,2,1,1,1.103018724465391,-0.7249057346573976,0.0
465,1,1,0,1.6364374230011556,1,1,1,1,1,1,3,1.6519943530277987,2.6798614002467,0.0
466,1,0,0,1.5547836144089433,0,0,0,0,1,1,2,-0.9155224328640762,0.2115356863036604,0.0
467,1,1,0,1.309822188632306,1,1,1,1,1,0,1,1.1807198903542242,1.8579375393707223,0.0
468,1,0,1,1.6364374230011556,1,1,1,1,0,1,1,0.7618092568666027,1.8801760965108745,0.0
469,0,0,1,0.4932841027101825,0,2,1,0,1,0,2,-1.5962522122814615,-0.6391001334938603,0.0
470,0,0,1,-0.7723499304691093,0,0,1,1,2,0,1,-0.3783708947630128,-0.6979992823551542,0.0
471,0,1,0,-0.6090423132846845,0,2,1,0,0,0,2,-1.5709148755785811,-0.8757976476093405,0.0
472,1,0,0,-1.2622727820223836,0,0,1,0,2,1,1,-0.41046485458666127,-0.997162921823715,0.0
473,1,0,0,-0.935657547653534,0,0,1,1,2,1,2,0.09797103525113753,-0.772839733562458,0.0
474,1,0,0,-0.3232539832119412,0,0,1,1,2,0,2,-0.4577612164320379,-0.44214578337637467,0.0
475,0,0,1,-1.2622727820223836,0,1,1,1,2,1,1,0.25506252280899583,-0.9884876827017152,0.0
476,1,0,0,-0.3232539832119412,1,1,1,0,2,1,1,0.4425588144103103,-0.20163909066164062,0.0
477,1,1,1,0.12584196404522685,0,0,1,1,2,1,1,0.30066972887418025,0.1883943758538585,0.0
478,0,0,1,-1.0173113562457465,0,0,1,1,2,1,1,0.2888456384128363,-0.777397536857519,0.0
479,1,0,0,-1.0989651648379588,0,1,1,0,2,1,1,0.9780211967311814,-0.8217205225239804,0.0
481,1,0,1,-0.8540037390613217,0,2,1,1,1,0,2,-1.6046979911824215,-0.9219701766419136,0.0
482,0,0,0,0.6565917198946073,0,0,0,1,2,1,3,-0.7381610759439138,-0.07679491344910364,0.0
483,0,1,0,-0.486561600396366,0,1,1,0,2,1,1,0.48309855313491895,-0.28526487285797497,0.0
484,0,0,0,1.6364374230011556,1,1,1,1,0,1,3,1.3969318302188032,2.503230008783037,0.0
485,0,0,1,-0.9764844519496403,0,1,1,1,2,1,1,0.5540430959029837,-0.7219112358741692,0.0
486,1,0,1,1.6364374230011556,1,1,1,1,1,1,0,0.5861370557266322,1.6784437593642674,0.0
488,1,0,0,1.6364374230011556,1,0,1,0,1,1,3,0.724647829702378,1.7097538863477286,0.0
490,1,0,1,-1.2622727820223836,1,1,1,0,2,1,1,0.2432384323476514,-0.9886418113155578,0.0
491,1,0,1,1.2689952843362,1,1,1,1,1,1,3,1.2719343024845935,1.8838311464962856,0.0
492,0,0,0,-1.2214458777262773,0,0,1,0,2,1,1,-0.27533239217129946,-0.9711151860843091,0.0
494,1,1,0,1.1873414757439877,1,0,1,1,0,0,3,-0.10472765837190523,0.6971949485218135,0.0
495,1,0,0,-1.2622727820223836,0,2,1,0,2,0,2,-1.579360654479541,-1.0123996362207301,0.0
496,1,0,0,-0.4049077918041536,0,0,0,0,0,1,3,-0.7905249051298664,-0.6234670883755355,0.0
497,1,0,0,-0.15994636602751647,0,0,1,1,2,0,2,-0.21114447252400262,-0.23504096311868092,0.0
498,0,0,0,1.5547836144089433,0,2,1,1,1,0,3,-1.5996305238418456,-0.4059035407499485,0.0
499,0,1,0,-1.0989651648379588,0,0,0,0,2,0,1,-1.3074065738686254,-0.9636729758730502,0.0
500,0,0,0,-0.8131768347652155,1,1,1,0,2,1,3,1.0996404129050072,-0.4760100416749428,0.0
502,0,1,0,1.5956105187050496,1,1,1,1,1,1,0,0.4577612164320386,1.4781426164890556,0.0
504,0,0,1,0.8198993370790321,0,1,1,1,2,1,3,0.5709346537049039,0.8839988284990913,0.0
505,1,0,1,1.513956710112837,1,0,1,0,1,1,0,0.41553232192723805,1.4017608791433254,0.0
506,0,1,0,-0.486561600396366,1,1,1,0,2,1,1,0.9104549655235005,-0.23647215739007685,0.0
507,1,0,1,-0.8540037390613217,1,1,1,0,2,1,2,0.36654680430166925,-0.6462781232242459,0.0
508,1,0,0,-1.2214458777262773,0,1,1,1,2,1,1,0.9138332770838848,-0.9476215816600099,0.0
509,0,0,1,-1.0581382605418526,1,1,1,1,2,1,1,0.4510045933112704,-0.7999443512253563,0.0
510,0,0,0,-1.2622727820223836,0,2,1,0,2,0,2,-1.5979413680616534,-1.0126418383281972,0.0
511,1,1,1,-0.486561600396366,0,1,1,1,0,0,0,0.9172115886442687,-0.22066296528450344,0.0
512,1,0,0,1.1873414757439877,1,1,1,0,2,1,1,1.3276764432309305,1.7529979717172917,0.0
513,0,1,0,-1.0989651648379588,1,1,1,1,2,1,1,0.2432384323476514,-0.8739481042432288,0.0
514,0,0,0,0.9832069542634568,1,1,1,0,2,1,3,1.2938933276270899,1.584249157933009,0.0
515,1,0,0,-0.0782925574353041,1,1,1,0,2,1,0,0.940859769566957,0.23472103350027446,0.0
516,1,0,0,0.32997648552575776,1,1,1,0,2,0,3,1.2719343024845935,0.7981932273355538,0.0
517,0,0,0,-0.15994636602751647,0,0,1,0,0,0,2,-0.4341130355093497,-0.34044291661363946,0.0
518,0,1,0,-1.0989651648379588,0,1,1,1,2,0,1,0.09797103525113753,-0.8881279367167515,0.0
519,0,1,0,-0.20077327032362266,0,1,1,1,2,1,3,0.2719540806109161,-0.17176015794957494,0.0
520,1,0,0,-0.8131768347652155,0,2,1,0,2,0,0,-1.5911847449408854,-0.9044875881574773,0.0
521,1,0,1,1.4323029015206248,1,1,1,1,0,1,1,1.292204171846898,2.056543267493665,0.0
523,1,0,1,0.9423800499673506,1,1,1,1,2,0,3,0.6199201713304727,1.054244891674988,0.0
524,0,0,0,-0.3640808875080474,1,1,1,0,2,0,3,0.28546732685245196,-0.24695290313137633,0.0
525,1,0,0,0.08501505974912064,1,1,1,1,2,1,1,1.1114645033663513,0.511095656493531,0.0
526,1,0,0,0.8198993370790321,0,1,1,0,0,0,1,0.8141730860525553,1.0652100416312218,0.0
527,1,1,1,1.6364374230011556,1,1,1,1,1,1,0,1.6418594183466466,2.6773292873049996,0.0
528,1,0,1,1.0648607628556692,1,1,1,1,0,1,0,0.930724834885805,1.3699663479449298,0.0
529,1,0,1,0.12584196404522685,0,2,1,1,1,0,2,-1.6063871469626134,-0.7188727003441285,0.0
530,0,1,0,0.9832069542634568,1,1,1,0,1,1,3,1.1063970360257755,1.491485750773147,0.0
531,0,0,1,-0.3232539832119412,0,2,1,1,1,1,0,-1.5557124735568528,-0.8053168343364425,0.0
532,1,0,1,1.5547836144089433,0,2,1,1,1,0,0,-1.5911847449408854,-0.42237328405770475,0.0
533,1,0,0,-1.2214458777262773,0,1,1,0,2,1,1,0.43242387972915824,-0.9445610277565633,0.0
535,0,0,0,-1.2622727820223836,1,1,1,0,2,1,1,0.6030286135285525,-0.9839518977800603,0.0
536,1,0,0,-0.8131768347652155,1,1,1,0,2,1,1,0.7567417895260264,-0.5714376720169421,0.0
537,0,0,0,1.2689952843362,1,1,1,1,2,1,3,0.4864768646953028,1.193246882987642,0.0
539,0,0,0,1.513956710112837,0,1,1,1,0,1,0,0.9628187947094535,1.9485431459367875,0.0
541,0,0,1,1.6364374230011556,1,1,1,1,1,1,3,1.5523341619964692,2.610987928232447,0.0
542,0,0,0,-0.8540037390613217,1,0,1,0,2,1,2,-0.27702154795149136,-0.7564580637483262,0.0
543,0,0,0,-1.2622727820223836,0,2,1,0,2,0,2,-1.6080763027428056,-1.0127739485686336,0.0
544,1,0,0,-0.8948306433574279,1,1,1,0,2,1,3,0.6385008849125848,-0.6540726274100023,0.0
547,1,0,1,0.28914958122965156,0,1,1,1,2,1,2,0.6469466638135449,0.4168570183154607,0.0
548,0,0,0,1.3506490929284123,1,1,1,0,0,1,3,1.2803800813855535,1.9485651643101938,0.0
549,1,1,0,0.7382455284868197,1,1,1,1,0,1,3,1.1739632672334563,1.297371770825047,0.0
550,1,0,0,-0.6906961218768969,0,2,1,0,2,0,2,-1.6013196796220375,-0.8841646295036552,0.0
551,1,0,1,1.6364374230011556,1,1,1,1,1,1,3,1.457741438305716,2.4869804492093412,0.0
553,1,0,1,0.9423800499673506,0,2,1,1,1,0,3,-1.6148329258635736,-0.5135293499589222,0.0
554,0,0,1,-0.3640808875080474,1,2,1,1,1,1,0,-1.4036884533395708,-0.7947039783547066,0.0
555,1,0,0,0.0033612511569082737,1,1,1,0,2,1,3,0.4459371259706941,0.12187686979405714,0.0
556,0,0,1,0.9832069542634568,1,0,1,1,0,1,3,0.05405298496614502,0.6555361860374891,0.0
557,0,0,0,-1.2622727820223836,0,2,1,0,2,0,3,-1.5962522122814615,-1.0126198199547911,0.0
558,1,0,0,0.2483226769335454,0,0,1,0,0,0,2,0.11655174883324967,0.17122004459710735,0.0
559,1,0,0,-0.8540037390613217,0,1,1,0,2,0,1,0.10303850259171378,-0.6866818384244233,0.0
560,1,0,0,-1.2622727820223836,0,0,1,0,2,1,1,-0.603028613528552,-0.9996730163920093,0.0
561,1,0,0,0.9832069542634568,1,1,1,1,0,1,1,1.3547029357140028,1.6354859128489834,0.0
562,1,0,0,-1.180618973430171,1,2,1,1,2,1,2,-1.4712546845472516,-0.9821684095341668,0.0
563,1,0,1,-1.0173113562457465,0,0,1,1,2,0,0,0.08614694478979355,-0.794087463899336,0.0
564,1,0,1,1.1056876671517752,1,1,1,1,1,1,0,1.0928837897842392,1.5599408736926843,0.0
565,1,0,0,-1.0173113562457465,0,0,1,0,2,0,3,-0.09628187947094512,-0.8250012601614881,0.0
566,1,0,1,1.5956105187050496,0,0,1,1,1,1,0,0.12499752773420979,1.1687404333866622,0.0
567,1,0,1,-0.6906961218768969,0,1,1,1,0,0,1,1.1739632672334563,-0.28718047134430486,0.0
568,1,0,0,1.5956105187050496,1,0,1,1,1,0,0,0.2145227840843872,1.3379956697592852,0.0
571,0,0,1,1.1465145714478815,0,2,1,1,1,1,0,-1.6182112374239577,-0.5355477233650134,0.0
572,1,1,0,0.615764815598501,1,0,1,0,1,0,3,-0.2550625228089951,0.19138887463708695,0.0
573,0,0,0,-0.8540037390613217,0,0,1,0,0,0,0,-0.07601201010864055,-0.7143369154224738,0.0
575,0,1,0,-0.15994636602751647,1,1,1,1,2,1,1,1.4763221518878282,0.38973038227915635,0.0
576,1,0,0,1.1873414757439877,0,0,1,1,1,1,2,0.46958530689338257,1.0693274774581605,0.0
578,1,0,0,-0.935657547653534,0,1,1,0,2,1,1,0.11317343727286583,-0.7580874233803769,0.0
579,1,1,0,0.12584196404522685,1,1,1,1,2,1,1,0.9256573675452288,0.46062954464677,0.0
581,0,0,1,-0.8131768347652155,0,2,1,1,2,0,2,-1.6266570163249179,-0.9185353103905634,0.0
582,0,0,0,-1.2622727820223836,0,1,1,0,2,0,2,0.27533239217129996,-0.9882234622208419,0.0
583,0,1,0,-1.139792069134065,1,1,1,0,2,1,1,0.7449176990646825,-0.86892791510664,0.0
584,0,0,1,-1.2622727820223836,0,2,1,1,2,1,2,-1.6266570163249179,-1.0130161506761006,0.0
